fold,model,smear_factor
1,xgboost,1.012976649418061
2,xgboost,1.0072725119694186
3,xgboost,1.007665121186326
4,xgboost,1.0111358070805907
5,xgboost,1.0112087967503713
