fold,model,smear_factor
1,linear,1.3082131814566147
2,linear,1.221981510084266
3,linear,1.2905658733381768
4,linear,1.2924070231693863
5,linear,1.3070290671710751
