fold,model,smear_factor
1,random_forest,1.0703170013504582
2,random_forest,1.0671299286260787
3,random_forest,1.0768566345066257
4,random_forest,1.0747733118658478
5,random_forest,1.071824937611105
