fold,model,smear_factor
1,linear,1.148860386054314
2,linear,1.1488886333161483
3,linear,1.1309848881484323
4,linear,1.1101314761697638
5,linear,1.1340541400057271
