fold,model,smear_factor
1,random_forest,1.0305294033116859
2,random_forest,1.0341165432228427
3,random_forest,1.0283096034198578
4,random_forest,1.0284493241127775
5,random_forest,1.0301369448664093
