fold,model,smear_factor
1,xgboost,1.0096867506363896
2,xgboost,1.0114164800877508
3,xgboost,1.0106041940649864
4,xgboost,1.000527086145109
5,xgboost,1.0099239910211344
