fold,model,smear_factor
1,xgboost,1.0002897719700157
2,xgboost,1.0000953996910205
3,xgboost,1.000613314327399
4,xgboost,1.0000396979422521
5,xgboost,1.000308482095619
