fold,model,smear_factor
1,random_forest,1.0857273007309955
2,random_forest,1.0877058071011785
3,random_forest,1.0813386879942601
4,random_forest,1.078163150060909
5,random_forest,1.0805800410526707
