fold,model,smear_factor
1,xgboost,1.0008174307497486
2,xgboost,1.000602973114118
3,xgboost,1.0014899292986037
4,xgboost,1.0005933587275015
5,xgboost,1.0013609151573304
