fold,model,smear_factor
1,linear,1.3845762386902498
2,linear,1.4067316679342223
3,linear,1.3582906288866905
4,linear,1.3875842498509758
5,linear,1.3947225941493884
