fold,model,smear_factor
1,random_forest,1.1002568825610428
2,random_forest,1.1042218861069721
3,random_forest,1.0949316735262544
4,random_forest,1.0960895942391637
5,random_forest,1.0924176720933925
