fold,model,smear_factor
1,linear,1.3022237896865196
2,linear,1.2929324996277065
3,linear,1.2713001637079513
4,linear,1.2436849998198587
5,linear,1.29423527728249
