model,smear_factor
linear,1.293848136288516
random_forest,1.0828790794658796
xgboost,1.0003940389533854
