model,smear_factor
linear,1.3943056764313206
random_forest,1.0937464510888095
xgboost,1.0022756296656319
