fold,model,smear_factor
1,xgboost,1.0001816946833468
2,xgboost,1.0003220847520347
3,xgboost,1.0003378477790952
4,xgboost,1.0005342042445409
5,xgboost,1.000975639720786
