fold,model,smear_factor
1,xgboost,1.0000002906733736
2,xgboost,1.000034218942617
3,xgboost,1.0000442082063001
4,xgboost,1.0000927063544087
5,xgboost,1.0002039476549556
