fold,model,smear_factor
1,random_forest,1.0254522027536948
2,random_forest,1.0286125318187531
3,random_forest,1.035296336734858
4,random_forest,1.0330869434888348
5,random_forest,1.0319820864007836
