fold,model,smear_factor
1,linear,1.0618685164480217
2,linear,1.081180606448816
3,linear,1.090668615368087
4,linear,1.0952235260523768
5,linear,1.0872975641474505
