fold,model,smear_factor
1,random_forest,1.036048341589403
2,random_forest,1.044578666320603
3,random_forest,1.0550995646736439
4,random_forest,1.051948527696124
5,random_forest,1.0540342995817347
