fold,model,smear_factor
1,linear,1.0922779929160238
2,linear,1.1140552530940189
3,linear,1.1307757211570775
4,linear,1.1370570776048263
5,linear,1.1282863595695345
