feature,coefficient_standardized
s3_B08_mean,0.7519360118248218
s3_B06_mean,-0.4084432760605659
s3_B17_mean,-0.24365604020564824
s3_B03_mean,-0.049451573089606696
