model,smear_factor
linear,1.087161897209182
random_forest,1.0308010560088634
xgboost,1.0001775833046664
