model,smear_factor
linear,1.124771497809804
random_forest,1.048527627713168
xgboost,1.0010408385963074
